package utilitario;

import org.junit.Test;
import org.junit.rules.ExpectedException;

import com.mauro.utilitario.util.StringUtil;

import static org.junit.Assert.*;

import org.junit.Rule;


public class StringUtilTest {
	
	@Rule
	public ExpectedException thrown = ExpectedException.none();
	
	@Test
	public void capitalizeTest() {
		// test case o casos de prueba
		assertEquals(StringUtil.capitalize("java"), "Java"); //equals
		assertTrue(StringUtil.capitalize("hOla").equals("Hola"));
		assertEquals(StringUtil.capitalize("www"), "Www");
		assertEquals(StringUtil.capitalize("sss"), "Sss");
		assertEquals(StringUtil.capitalize(" "), " ");
		assertEquals(StringUtil.capitalize(""), "");
		
		assertNull(StringUtil.capitalize(null));
	}
	
	@Test
	public void truncate() {
		assertEquals(StringUtil.truncate("java", 1), "j");
		assertTrue(StringUtil.truncate("java", 3).length() == 3);
		assertFalse(StringUtil.truncate("java", 3).length() == 2);
		assertEquals(StringUtil.truncate("", 3), "");
		assertEquals(StringUtil.truncate("java", 100), "java");
		assertEquals(StringUtil.truncate("java", 0), "");
		
		assertNull(StringUtil.truncate(null, 12));
	}
	
	@Test
	public void timesTest() {
		assertEquals(StringUtil.times("*", 3), "***");
		assertEquals(StringUtil.times("", 3), "");
		assertEquals(StringUtil.times("null", 2), "nullnull");
		assertNull(StringUtil.times(null, 2));
	}
	//TODO validar metodos de clase StringUtil
	
	@Test  //Solo para pruebas
	public void StringReplaceTest() {
		
		thrown.expect(NullPointerException.class);
		assertEquals("hola".replace("o", "x"), "hxla");
		
	}
}
